,PSP,ID,smiles_string
13411,Success (Unknown dihedrals),1,[*]c1ccc(Oc2ccc(-c3nc4ccc(Oc5ccc(N6C(=O)c7ccc(C(c8ccc9c(c8)C(=O)N(c8ccc(Oc%10ccc%11nc([*])c(-c%12ccccc%12)nc%11c%10)cc8)C9=O)(C(F)(F)F)C(F)(F)F)cc7C6=O)cc5)cc4nc3-c3ccccc3)cc2)cc1
2375,,2,[*]CCCCCCNC(=O)C1CC1C(=O)N[*]
6998,,3,[*]Oc1cccc(OC(=O)c2cc(C(C)C)c(OC(=O)c3ccc(C(=O)Oc4c(C(C)C)cc(C([*])=O)cc4C(C)C)cc3)c(C(C)C)c2)c1
4167,,4,[*]CC([*])(C)C(=O)OCCOC(=O)C1CCC(=O)N1OC(C)=O
9121,,5,[*]c1cc(Br)c(-c2c(Br)cc(N3C(=O)c4ccc(-c5ccc6c(c5)C(=O)N([*])C6=O)cc4C3=O)cc2C(=O)OCCCCCCCCCCCCCC)c(C(=O)OCCCCCCCCCCCCCC)c1
7162,,6,[*]Oc1ccc(OC(=O)c2ccc(C([*])=O)cc2Oc2ccc(Cl)cc2)cc1
4294,,7,[*]CC([*])(C)C(=O)OCC1(CC)COC1
13183,,8,[*]Oc1ccc2cc(Oc3ccc4c(=O)n5c6cc(-c7ccc8c(c7)nc7c9ccc([*])c%10cccc(c(=O)n87)c%109)ccc6nc5c5cccc3c45)ccc2c1
12409,,9,[*]c1ccc(N=Cc2ccc(-c3ccc(C=Nc4ccc(-n5c(=O)c6ccc7c8c(Oc9ccc(C(C)(C)C)cc9)cc9c(=O)n([*])c(=O)c%10ccc(c%11c(Oc%12ccc(C(C)(C)C)cc%12)cc(c5=O)c6c7%11)c8c%109)cc4)s3)s2)cc1
1273,,10,[*]c1ccc(Oc2ccc(C(=O)c3cccc(C(=O)c4ccc(Oc5ccc(-c6nc7ccccc7n6-c6ccc(-n7c([*])nc8ccccc87)cc6)cc5)cc4)c3)cc2)cc1
10424,,11,[*]N=C1c2ccccc2C(=Nc2ccc(Cc3ccc([*])cc3)cc2)c2ccc(C(C)(C)C)cc21
7836,,12,[*]Nc1cccc(NC(=O)c2cc(C([*])=O)c(C(=O)O)cc2C(=O)O)c1
13643,,13,[*][Si]([*])(C)CCCc1ccc(N(C)C)cc1
2649,,14,[*]CCc1ccc(CCNC(=O)CCCCCCCCCCCCCCCC(=O)N[*])cc1
3559,,15,[*]CCCCCC([*])CCCCCCCCCC
6161,,16,[*]CC(=O)Nc1ccc(NC(=O)COc2ccc3ccccc3c2Sc2c(O[*])ccc3ccccc23)cc1
145,,17,[*]CC([*])c1ccc(COCCCCO)cc1
7868,,18,[*]Nc1cccc(C=Cc2ccc(NC(=O)c3ccc(C([*])=O)cc3)cc2)c1
2604,,19,[*]CCNC(=O)CCCCCCCCC(=O)NCCNC(=O)C(=O)N[*]
231,,20,[*]CC(CC([*])(C#N)C(=O)OC)c1ccccc1
13637,,21,[*][Si]([*])(C)c1ccc(CCl)cc1
9172,,22,[*]C(=O)Oc1ccc2ccc(OC(=O)c3ccc4c(c3)C(=O)N(c3ccc(Oc5ccc(N6C(=O)c7ccc([*])cc7C6=O)cc5)cc3)C4=O)cc2c1
8176,,23,[*]Nc1cc(NC(=O)c2ccc(C([*])=O)cc2)cc(C(=O)OCCOc2ccc(C=CC(=O)c3ccccc3)cc2)c1
10456,,24,[*]c1cc(-c2ccccc2)c([*])[nH]1
9773,,25,[*]C(=O)N1CC(=O)N(C(=O)c2ccc3c(c2)C(=O)N(c2cccc(P(=O)(c4ccccc4)c4cccc(N5C(=O)c6ccc([*])cc6C5=O)c4)c2)C3=O)C1=O
11616,,26,C([*])C([*])(C)C(=O)OC(F)(F)(F)
10464,,27,[*]c1ccc2c(c1)c1cc([*])ccc1n2CCC(=O)OCC
4992,,28,[*]Oc1ccc(C(=O)OCCOCCOC(=O)c2ccc(OC([*])=O)cc2)cc1
2384,,29,[*]CCCCCCNC(=O)c1ccc(C(C)c2ccc(C(=O)N[*])cc2)cc1
9507,,30,[*]c1ccc2c(c1)C(=O)N(c1ccc(Oc3ccc4ccc(Oc5ccc(N6C(=O)c7ccc(C([*])(C(F)(F)F)C(F)(F)F)cc7C6=O)cc5)cc4c3)cc1)C2=O
8073,,31,[*]Nc1ccc(NC(=O)c2cc(C([*])=O)c(C(=O)OCC)cc2C(=O)OCC)cc1
13512,,32,[*]c1ccc(-c2ccc(-[n+]3c(-c4ccccc4)cc(-c4ccc(-c5cc(-c6ccccc6)[n+]([*])c(-c6ccccc6)c5)cc4)cc3-c3ccccc3)cc2C(F)(F)F)c(C(F)(F)F)c1
9718,,33,[*]C(=O)c1ccc2c(c1)C(=O)N(c1ccc(N(c3ccccc3)c3ccc(N4C(=O)c5ccc([*])cc5C4=O)cc3)cc1)C2=O
723,,34,[*]C=CC(C(=O)OC(C)C)C([*])C(=O)OC(C)C
11811,,35,[*]C2CC(C=C[*])C3C(=O)N(c1c(F)c(F)c(F)c(F)c1F)C(=O)C23
11610,,36,[*]CC(C(=O)OCCC)(C(=O)OCCC)[*]
13043,,37,[*]CCCCCCCCC(=O)NCCCCCCNC(=O)CCCCO[*]
7344,,38,[*]c1ccc(OC(=O)c2ccc(C(=O)Oc3ccc(C4([*])OC(=O)c5ccccc54)cc3C)cc2)c(C)c1
10426,,39,[*]CCN([*])C(=O)CCCCCCCC
13371,,40,[*]CC(c1ccccc1)C1C(=O)N(CCCN(CC)c2ccc(N=Nc3ccc([N+](=O)[O-])cc3)c(C)c2)C(=O)C1[*]
7487,,41,[*]CCCC(=O)NCCCCCCNC(=O)CCCOC(=O)c1ccc(C(=O)O[*])cc1
7650,,42,[*]Cc1cccc(CN(C)C(=O)CCCCC(=O)N([*])C)c1
10477,,43,[*]c1cc(CCCCCCCCCC)c([*])[nH]1
1811,,44,[*]CCCCCCOC(=O)CCCCCC(=O)O[*]
1950,,45,[*]CC(C)(C)COC(=O)CCCCCCCCC(=O)O[*]
76,,46,[*]CC([*])c1ccccc1
7602,,47,[*]CC(=O)NCCCCCCNC(=O)COC(=O)CCCCCCCCC(=O)O[*]
7750,,48,[*]CCC(C)CCC(=O)N[*]
9693,,49,[*]c1cccc(C(=O)c2c(C)cc(C)c(N3C(=O)c4ccc(-c5ccc6c(c5)C(=O)N([*])C6=O)cc4C3=O)c2C)c1
9504,,50,[*]C(=O)Nc1ccc(Oc2ccccc2-c2ccccc2Oc2ccc(NC(=O)c3ccc4c(c3)C(=O)N(c3ccc(Oc5ccc(-c6ccc(Oc7ccc(N8C(=O)c9ccc([*])cc9C8=O)cc7)cc6)cc5)cc3)C4=O)cc2)cc1
11775,,51,[*]c8ccc(Oc7ccc6cc(Oc5ccc(n4c(=O)c3ccc(S(=O)(=O)c2ccc1c(=O)n([*])c(=O)c1c2)cc3c4=O)cc5)ccc6c7)cc8
7513,,52,[*]Oc1ccc(C=Nc2ccc(N=Cc3ccc(OC(=O)CCCCC([*])=O)cc3)cc2)cc1
5190,,53,[*]COc1ccc(C=C2CCC(=Cc3ccc(OCc4nnc(-c5ccc(-c6ccc(-c7nnc([*])o7)cc6)cc5)o4)cc3)C2=O)cc1
4640,,54,[*]Oc1cc(C)c([*])c(C)c1Br
13152,,55,[*]CC([*])(C)C(=O)OCCn1c2ccccc2c2cc(N=Nc3ccc([N+](=O)[O-])cc3)ccc21
2760,,56,[*]CCCCCCCCOC(=O)Nc1ccc(C)c(NC(=O)O[*])c1
10556,,57,[*]Nc1c(Br)cc([*])cc1Br
12596,,58,[*]O[Si]([*])(CCCOCCOCCOCCOC)CCCOCCOCCOCCOC
13632,,59,[*]O[Si]([*])(C)CCCCC(=O)OCCCCCCCCCCC(F)(F)C(F)(F)C(F)(F)C(F)(F)C(F)(F)C(F)(F)C(F)(F)C(F)(F)F
1792,,60,[*]CCCCCC(=O)NCCCCCCNC(=O)CCCCCOC(=O)CCCCC(=O)O[*]
8735,,61,[*]c1ccc2c(c1)C(=O)N(c1cccc(C(=O)Nc3ccc(NC(=O)c4cccc(N5C(=O)c6ccc(C([*])(C(F)(F)F)C(F)(F)F)cc6C5=O)c4)cc3)c1)C2=O
11970,,62,C25=C(C4C1=C(C=CC=C1)C2C3=CC=CC=C34)C(O[*])=CC=C5O[*]
9590,,63,[*]c1ccc(Oc2ccccc2Oc2ccc(N3C(=O)c4ccc(-c5ccc6c(c5)C(=O)N([*])C6=O)cc4C3=O)cc2C(F)(F)F)c(C(F)(F)F)c1
2381,,64,[*]CCCCCCNC(=O)CCc1ccc(CCC(=O)N[*])cc1
5057,,65,[*]Oc1ccc(Oc2ccc(C(=O)c3ccc([*])cc3)cc2)cc1CBr
374,,66,[*]CC([*])OCC(F)(F)F
2837,,67,[*]Cc1ccc(CSC(=O)Nc2ccc(Cc3ccc(NC(=O)S[*])cc3)cc2)cc1
5806,,68,[*]C=Nc1cc(NC(=O)NCCNCCNO[*])ccc1C
40,,69,[*]CC([*])CCCC(C)(C)C
7337,,70,[*]CCc1ccc(C(=O)O[*])cc1
4168,,71,[*]CC([*])(C)C(=O)OCCOC(=O)C1CCC(=O)N1OC(=O)C(F)(F)F
8542,,72,[*]CC(C)(C)C1C(=O)N(CCCC)C(=O)C1[*]
8920,,73,[*]c1ccc2c(c1)C(=O)N(c1ccc(Oc3ccc(-c4ccc(Oc5ccc(N6C(=O)c7ccc(C([*])(C(F)(F)F)C(F)(F)F)cc7C6=O)cc5)cc4)cc3)cc1)C2=O
9275,,74,[*]c1ccc(OCCCCCCCCCCCCOc2ccc(N3C(=O)c4ccc(-c5cccc6c5C(=O)N([*])C6=O)cc4C3=O)cc2)cc1
1793,,75,[*]CCCCCCOC(=O)c1ccc(C(=O)NCCCCCCCCCCCCNC(=O)c2ccc(C(=O)O[*])cc2)cc1
10535,,76,[*]N=P(Cl)(Cl)N=P(Cl)(Cl)N=S([*])(=O)F
7474,,77,[*]CCOC(=O)CCCCCCCCC(=O)OCCOC(=O)c1ccc(C(=O)O[*])cc1
11703,,78,N(C(NC1=CC=C([*])C=C1)=O)C3=CC=C(OC2=CC(O[*])=CC=C2)C=C3
6972,,79,[*]Cc1ccc(COC(=O)c2cc(C)c(C(=O)O[*])cc2C)cc1
10433,,80,[*]CCN([*])C(=O)CCC(F)(F)C(F)(F)C(F)(F)C(F)(F)C(F)(F)C(F)(F)F
450,,81,[*]CC([*])(C)C(=O)OCC
1598,,82,[*]CCOC(=O)c1ccc2ccc(C(=O)O[*])cc2c1
8404,,83,[*]CCCCCCCCCNC(=O)NCCCCCCCNC(=O)N[*]
3647,,84,[*]CC([*])c1c(F)c(F)c(OC)c(F)c1F
12269,,85,[*]Oc1cccc(NC(=O)c2ccc([Si](C)(C)c3ccc(C([*])=O)cc3)cc2)c1
8643,,86,[*]c1cccc(Oc2cccc(Oc3cccc(-n4c(=O)c5cc6c(=O)n([*])c(=O)c6cc5c4=O)c3)c2)c1
2833,,87,[*]CC(C)(C)CSC(=O)Nc1ccc(Cc2ccc(NC(=O)S[*])cc2)cc1
4272,,88,[*]CC([*])(C)C(=O)OCC(=O)c1ccccc1
1978,,89,[*]Oc1c(C)cc(C(C)(C)c2cc(C)c(OC(=O)CCCCC([*])=O)c(C)c2)cc1C
9848,,90,[*]C(=O)Nc1ccc(Oc2cccc3c(NC(=O)c4ccc5c(c4)C(=O)N(c4ccc(Oc6cccc7c(N8C(=O)c9ccc([*])cc9C8=O)cccc67)cc4)C5=O)cccc23)cc1
1932,,91,[*]CC(C)(C)COC(=O)CCCCC(=O)O[*]
13417,,92,[*]=Cc1ccc(C=Cc2ccc(N(c3ccccc3)c3ccc(N(c4ccccc4)c4ccc(C=Cc5ccc(C=C6C(=O)N(c7cccc(N8C(=O)C(=[*])C(C)=C(C#N)C8=O)c7)C(=O)C(C#N)=C6C)s5)cc4)cc3)cc2)s1
4565,,93,[*]CCOc1ccc(C(=O)OC(=O)c2cccc(C(=O)OC(=O)c3ccc(O[*])c(OC)c3)c2)cc1OC
7215,,94,[*]COC(=O)c1ccc(C(C#N)=C(c2ccc(OC)cc2)N2CCCC([*])C2)cc1
3588,,95,[*]CC([*])c1ccc(OC)cc1Cl
3271,,96,[*]Oc1ccc(C2(c3ccc(OC([*])=S)cc3)CCCC2)cc1
9946,,97,[*]C(=O)c1ccc2c(c1)C(=O)N(c1ccc(-c3cc(C(C)(C)C)c(Oc4ccc(N5C(=O)c6ccc([*])cc6C5=O)cc4C(F)(F)F)c(C(C)(C)C)c3)cc1)C2=O
6141,,98,[*]Oc1ccc(Oc2ccc(C(=O)c3ccc([*])cc3)cc2)cc1-c1ccc(Oc2ccccc2)cc1
2685,,99,[*]CCN(C)C(=O)c1ccc(C(=O)N([*])C)cc1
3517,,100,[*]c1cccc(-c2cccc(C(F)(F)C(F)(F)C([*])(F)F)c2)c1
11100,,101,[*]c1ccc(-c2ccc(-c3ccc(C([*])(c4ccccc4)C(F)(F)F)cc3)cc2)cc1
2444,,102,[*]C(=O)c1ccc(C(=O)N(CC)c2ccc(Cc3ccc(N([*])CC)cc3)cc2)cc1
6989,,103,[*]OC(CC(C)C)C([*])=O
6260,,104,[*]Oc1ccc(Sc2ccc(Oc3ccc(-c4ccc(-c5ccc(-c6ccc([*])c(C(F)(F)F)c6)cc5)cc4)cc3C(F)(F)F)cc2)cc1
4124,,105,[*]CC([*])C(=O)N(O)c1ccc(Br)cc1
5926,,106,[*]Oc1ccc(NC(=O)c2cc(NC(=O)CCCN3C(=O)c4ccccc4C3=O)cc(C(=O)Nc3ccc([*])cc3)c2)cc1
12615,,107,[*]CC([*])(C)C(=O)O[Si](C)(C)C
3645,,108,[*]CC([*])c1c(F)c(F)c(OCC(F)(F)C(F)(F)F)c(F)c1F
5538,,109,[*]CCCNC(=O)CCCCCCCCC(=O)NCCCOCCOCCO[*]
6073,,110,[*]Oc1ccc(NC(=O)c2ccc(-c3ccc(C(=O)OCC)c(C(=O)Nc4ccc([*])cc4)c3)cc2C(=O)OCC)cc1
8356,,111,[*]Oc1ccc2cccc(NC(=O)Nc3ccc(Cc4ccc(NC([*])=O)cc4)cc3)c2c1
9708,,112,[*]c1ccc(N(c2ccc(C#N)cc2)c2ccc(-n3c(=O)c4cc5c(=O)n([*])c(=O)c5cc4c3=O)cc2)cc1
1140,,113,[*]CCOCCOC(=O)CCCCS(=O)(=O)CCCCC(=O)O[*]
9251,,114,[*]c1ccc(Oc2ccc(N3C(=O)CC4C(CC5C(=O)N([*])C(=O)C54)C3=O)cc2)cc1
7858,,115,[*]NC(C=C)CC([*])=O
10852,,116,[*]c1cccc(S(=O)(=O)NCCNS([*])(=O)=O)c1
12732,,117,C([*])C(CCCC)=CC([*])
9425,,118,[*]c1ccc2c(c1)C(=O)N(c1ccc(C(=O)Nc3ccc(NC(=O)c4ccc(NC(=O)c5ccc(N6C(=O)c7ccc(C([*])(C(F)(F)F)C(F)(F)F)cc7C6=O)cc5)cc4)cc3)cc1)C2=O
2724,,119,[*]CCCCOC(=O)NCC(F)(F)C(F)(F)C(F)(F)C(F)(F)CNC(=O)O[*]
5163,,120,[*]Oc1ccc(C(=O)OCCOCCOC(=O)c2ccc(OC(=O)c3ccc(C([*])=O)cc3)cc2)cc1
5709,,121,[*]CCCCCCCCCCCCOc1c(OC)cc(C=Cc2ccc(C=Cc3cc(OC)c(O[*])c(OC)c3)cc2)cc1OC
2931,,122,[*]c1ccc2c(c1)C(=O)N(c1ccc(S(=O)(=O)c3ccc(N4C(=O)c5ccc(C(F)(F)C(F)(F)C([*])(F)F)cc5C4=O)cc3)cc1)C2=O
507,,123,[*]CC([*])C(=O)OCCOC(F)(C(F)(F)F)C(F)(F)F
1166,,124,[*]c1ccc(Oc2ccc(-c3nc4ccc(Oc5ccc6nc([*])c(-c7ccccc7)c(-c7ccccc7)c6c5)cc4c(-c4ccccc4)c3-c3ccccc3)cc2)cc1
2637,,125,[*]CCCCCCCCCNC(=O)CCCCCCCCC(=O)NCCCCCCCCCNC(=O)C(=O)N[*]
10205,,126,[*]CCCCCCCCCSC(=O)S[*]
3653,,127,[*]CC([*])(C)c1nc(N(CCOCCOCCOC)CCOCCOCCOC)nc(N(CCOCCOCCOC)c2ccccc2)n1
6901,,128,[*]Oc1ccc(C(C)(C)c2ccc(OC(=O)c3ccc(C(=O)c4ccc(C([*])=O)cc4)cc3)cc2)cc1
3297,,129,[*]Oc1ccc(S(=O)c2ccc(OC([*])=O)cc2)cc1
7572,,130,[*]CCCC(=O)Nc1ccc(NC(=O)CCCOC(=O)c2ccc(C(=O)O[*])cc2)cc1
12368,,131,[*]C(=O)Nc1ccc(Oc2c(C)cc(C(C)(C)c3cc(C)c(Oc4ccc(NC(=O)c5ccc6c(c5)C(=O)N(c5ccc(Oc7ccc(C8(c9ccc(Oc%10ccc(N%11C(=O)c%12ccc([*])cc%12C%11=O)cc%10)cc9)CC9CC8C8CCCC98)cc7)cc5)C6=O)cc4)c(C)c3)cc2C)cc1
3725,,132,[*]C(C#CS(F)(F)(F)(F)F)=C([*])S(F)(F)(F)(F)F
2793,,133,[*]CC=CCOC(=O)NCCCCCCNC(=O)O[*]
2397,,134,[*]CCCCCCCCCCCCCCCCCCNC(=O)c1ccc(C(=O)N[*])cc1
7468,,135,[*]Oc1ccc(CC(NC(=O)CCc2ccc(OC(=O)CC(C)CCC([*])=O)cc2)C(=O)OC(C)CC)cc1
7749,,136,[*]C(=O)C1CCCCC1C(=O)N1CC(C)N([*])CC1C
9250,,137,[*]c1ccc2c(c1)C(=O)N(c1ccc(Oc3c(C)cc(C(c4cc(C)c(Oc5ccc(N6C(=O)c7ccc(C([*])(C(F)(F)F)C(F)(F)F)cc7C6=O)cc5)c(C)c4)c4cccc5ccccc45)cc3C)cc1)C2=O
6236,,138,[*]c1ccc(C(=O)OCCCCCCOc2ccc(C=C3CCC(=Cc4ccc(OCCCCCCOC(=O)c5ccc(-c6nnc([*])o6)cc5)cc4)C3=O)cc2)cc1
1453,,139,[*]CCCCOC(=O)NCCSCCCCCSCCNC(=O)O[*]
3813,,140,[*]C(=C([*])c1ccc(CCCC)cc1)c1ccccc1
9020,,141,[*]C(=O)Nc1ccc(Oc2ccc(Oc3ccc(N4C(=O)c5ccc([*])cc5C4=O)cc3)cc2)cc1
9808,,142,[*]c1ccc(Oc2cccc(Oc3ccc(N4C(=O)c5ccc(-c6ccc7c(c6)C(=O)N([*])C7=O)cc5C4=O)cc3)c2C#N)cc1
835,,143,[*]CCOC(=O)Cc1ccc(O[*])cc1
1900,,144,[*]CCCCCCCCCCCCCCOC(=O)c1ccc(C(=O)NCCCCCNC(=O)c2ccc(C(=O)O[*])cc2)cc1
1758,,145,[*]CCCCCCCCCCCCCCCCCCCCOC(=O)c1cccc(-c2cccc(C(=O)O[*])c2)c1
1829,,146,[*]Oc1ccc(CC([*])=O)cc1
3262,,147,[*]Oc1cccc(C(F)(F)C(F)(F)C(F)(F)c2cccc(OC([*])=O)c2)c1
3840,,148,[*]CC([*])(CC(=O)OCC)C(=O)O
6762,,149,[*]c1cc(COCCCCCCCCOc2ccc(-c3ccc(C#N)cc3)cc2)c([*])s1
6491,,150,[*]c1nc2cc3sc(-c4cc(OCCCCCCCCCC)c([*])cc4OCCCCCCCCCC)nc3cc2s1
7418,,151,[*]Oc1ccc(OC(=O)c2ccc(C([*])=O)cc2)cc1OCCOCCOCC
13212,,152,[*]c1ccc(OCOc2ccc(-c3nc(-c4ccc([N+](=O)[O-])cc4)oc3[*])cc2)cc1
9355,,153,[*]CC(=O)Nc1ccc(Oc2ccc(Oc3ccc(NC(=O)CN4C(=O)c5ccc(C(c6ccc7c(c6)C(=O)N([*])C7=O)(C(F)(F)F)C(F)(F)F)cc5C4=O)cc3)cc2)cc1
5371,,154,[*]OP(=O)(Oc1ccccc1)Oc1ccc(S(=O)(=O)c2ccc([*])cc2)cc1
2716,,155,[*]CCOC(=O)NCCCCCCNC(=O)O[*]
2429,,156,[*]Cc1ccc(CNC(=O)CCCCCCCCCCCCC(=O)N[*])cc1
7759,,157,[*]Nc1ccc(NC(=O)c2cc(NC(=O)c3ccccc3)cc(C([*])=O)c2)cc1
3287,,158,[*]CCCCCCCCCCOC(=O)O[*]
701,,159,[*]C(F)(F)C1(F)C(F)(F)C([*])(F)C(F)(F)C(F)(Cl)C1(F)F
3285,,160,[*]Oc1ccc(C(C)=NN=C(C)c2ccc(OC(=O)OCCCCCCCCCCCCOC([*])=O)cc2)cc1
7843,,161,[*]C(=O)c1ccc(C(=O)N(C)c2cccc(N([*])C)c2)cc1
7935,,162,[*]CCCCCCCCCNC(=O)C(OC)C(OC)C(=O)N[*]
3774,,163,[*]CC([*])NC=O
4243,,164,[*]CC([*])C(=O)NCCC(F)(F)C(F)(F)C(F)(F)C(F)(F)C(F)(F)C(F)(F)C(F)(F)C(F)(F)C(F)(F)C(F)(F)F
6431,,165,[*]C(=O)NNC(=O)c1ccc(C(=O)NNC(=O)c2ccc([*])nc2)s1
4823,,166,[*]c1ccc(Oc2ccc(C(=O)c3ccc(Oc4ccc(C(=O)c5ccc(Oc6ccc(-c7cc([*])n(-c8ccccc8)n7)cc6)cc5)cc4)cc3)cc2)cc1
10355,,167,[*]C1=CC2=NC([*])=CC2=N1
5944,,168,[*]Oc1cccc2c(OC3(F)C([*])(F)C(F)(F)C3(F)F)cccc12
6908,,169,[*]CCCCC(=O)S[*]
140,,170,[*]CC([*])c1ccc(C(O)CCN2CCOCC2)cc1
8802,,171,[*]C(=O)Nc1ccc(NC(=O)c2ccc3c(c2)C(=O)N(c2ccc(Oc4ccc5ccc(Oc6ccc(N7C(=O)c8ccc([*])cc8C7=O)cc6)cc5c4)cc2)C3=O)cc1
9486,,172,[*]C=CC1CC([*])C2C(=O)N(CCC)C(=O)C12
1935,,173,[*]CCCOC(=O)c1ccccc1-c1ccccc1C(=O)O[*]
4412,,174,[*]CC([*])(C)C(=O)OCCCCC(F)(F)C(F)(F)C(F)(F)C(F)(F)C(F)(F)C(F)(F)F
8639,,175,[*]c1ccc(Oc2ccc(C(c3ccc(Oc4ccc(N5C(=O)c6ccc(Oc7ccc8c(c7)C(=O)N([*])C8=O)cc6C5=O)cc4)cc3)(C(F)(F)F)C(F)(F)F)cc2)cc1
9525,,176,[*]C(=O)N1C(=O)N(C(=O)c2ccc3c(c2)C(=O)N(c2ccc(Oc4ccc(N5C(=O)c6ccc([*])cc6C5=O)cc4)cc2)C3=O)C(C)(CC)C1=O
291,,177,[*]CC([*])C(=O)C1CCCCC1
9262,,178,[*]CCCCCCCCCCCC(=O)Oc1ccc(C2(c3ccc(OC(=O)c4ccc5c(c4)C(=O)N([*])C5=O)cc3)OC(=O)c3ccccc32)cc1
6512,,179,[*]c1cc(OCCCCCCC)c([*])s1
4911,,180,[*]c1ccc2oc(-c3ccc(-c4nc5cc(C([*])(C(F)(F)F)C(F)(F)F)ccc5o4)cc3)nc2c1
10401,,181,[*]c1ccc(C2(c3ccc(-c4cc(-c5ccccc5)c5cc(C6(c7ccc8nc([*])cc(-c9ccccc9)c8c7)c7ccccc7-c7ccccc76)ccc5n4)cc3)c3ccccc3-c3ccccc32)cc1
702,,182,[*]C(F)(F)C1(F)C(F)(F)C([*])(F)C1(F)F
8127,,183,[*]CCCCCCCCCCCCNC(=O)CCCCCCCCCCCCCCC(=O)N[*]
8604,,184,[*]CCC(=O)Nc1ccc(Oc2ccc(NC(=O)CCN3C(=O)c4ccc(C(=O)c5ccc6c(c5)C(=O)N([*])C6=O)cc4C3=O)cc2)cc1
12031,,185,[*]CC([*])[Si](C)(C)O[SiH](C)C
2118,,186,[*]CC(F)(F)C(F)(F)C(F)(F)C(F)(F)COC(=O)CCCCC(=O)O[*]
11079,,187,[*]C=Cc1cc(OCCCCCCCCCCCC)c([*])cc1OC
710,,188,[*]CCC=C([*])C
7090,,189,[*]CCCCOC(=O)c1ccc(NC(=O)CCCCCCCCCCCCCCC(=O)Nc2ccc(C(=O)O[*])cc2)cc1
4100,,190,[*]CC([*])(C(=O)O)C(=O)OCCCCCCCCCCCCCC
10682,,191,[*]Cc1cc(C23CC4CC(CC(C4)C2)C3)cc(CN([*])C)c1O
6247,,192,[*]c1ccc(Oc2ccc(-c3csc(N=Cc4ccc(OCCCCCCCCOc5ccc(C=Nc6nc([*])cs6)cc5OC)c(OC)c4)n3)cc2)cc1
928,,193,[*]Oc1ccc(S(=O)(=O)c2ccc(Oc3ccc(C(C)(C)c4ccc([*])cc4)cc3)cc2)cc1
484,,194,[*]CC([*])(C)C(=O)Oc1c(Cl)c(Cl)c(Cl)c(Cl)c1Cl
5072,,195,[*]Oc1ccc(Oc2ccc(S(=O)c3ccc(Oc4ccc(Oc5cccc([*])n5)cc4)cc3)cc2)cc1
7444,,196,[*]CCN(CCOC(=O)c1cc(OCCC2CCN(c3ccc(S(=O)(=O)C(F)(F)C(F)(F)C(F)(F)C(F)(F)C(F)(F)C(F)(F)C(F)(F)C(F)(F)F)cc3)CC2)cc(C(=O)O[*])c1)c1ccc(S(=O)(=O)C(F)(F)C(F)(F)C(F)(F)C(F)(F)C(F)(F)C(F)(F)C(F)(F)C(F)(F)F)cc1
3909,,197,[*]C=CC1CC([*])C(C(=O)Oc2ccccc2)C1
4953,,198,[*]CCCCCCCCCOc1ccc(OCc2ccc(COc3ccc(O[*])cc3)cc2)cc1
8723,,199,[*]C(=O)Nc1ccc(Cc2ccc(N3C(=O)c4ccc([*])cc4C3=O)cc2)cc1
2030,,200,[*]Oc1ccc(C(C)(C)c2ccc(OC(=O)c3ccc(C([*])=O)cc3)c(CCCC)c2)cc1CCCC
4372,,201,[*]CC([*])(C)C(=O)OCCCCC(F)(F)C(F)(F)C(F)(F)C(F)(F)F
9804,,202,[*]c1ccc(Cc2ccc(N3C(=O)C(C)C(SCCOCCSC4C(=O)N(c5ccc(Cc6ccc(N7C(=O)CC(C)(SCCOCCSC8(C)CC(=O)N([*])C8=O)C7=O)cc6)cc5)C(=O)C4C)C3=O)cc2)cc1
6602,,203,[*]Sc1ccc(Nc2ccc(Nc3ccc([*])cc3)cc2)cc1
1354,,204,[*]CC(O)CN(C)S(=O)(=O)c1cccc(S(=O)(=O)N(C)CC(O)COc2ccc(C3(c4ccc(O[*])cc4)c4ccccc4-c4ccccc43)cc2)c1
13174,,205,[*]CC([*])(C)C(=O)OCC[N+](C)(C)CCCCCCC
4191,,206,[*]CC([*])(C)C(=O)OCCCCCCCCCCOc1ccc(OC(=O)c2ccc(OCCCC)cc2)cc1
1930,,207,[*]CC(CCl)(CCl)COC(=O)CCCCC(=O)O[*]
6081,,208,[*]Oc1c(F)c(F)c(S(=O)(=O)c2c(F)c(F)c(Oc3ccc(C(c4ccc([*])cc4)(C(F)(F)F)C(F)(F)F)cc3)c(F)c2F)c(F)c1F
10814,,209,[*]CC(=O)C([*])c1cccc(C)c1
11884,,210,[*]Oc7ccc(N1C(=O)CCC12CCC(=O)N2c6ccc(Oc5c(F)c(F)c(COC(c4cccc(C(OCc3c(F)c(F)c([*])c(F)c3F)(C(F)(F)F)C(F)(F)F)c4)(C(F)(F)F)C(F)(F)F)c(F)c5F)cc6)cc7
10548,,211,[*]c1ccc(-c2nc3cc4nc([*])[nH]c4cc3[nH]2)c(S(=O)(=O)O)c1
6069,,212,[*]Oc1ccc(C(C)(C)c2ccc(Oc3ccc(C(=O)c4ccc([*])c(S(=O)(=O)O)c4)cc3S(=O)(=O)O)cc2)cc1
13448,,213,[*]c1ccc(OCCCC[Si](C)(C)O[Si](C)(C)O[Si](C)(C)O[Si](C)(C)CCCCOc2ccc(N3C(=O)c4ccc(-c5ccc6c(c5)C(=O)N([*])C6=O)cc4C3=O)cc2F)c(F)c1
5096,,214,[*]Oc1ccc(C=NN=Cc2ccc(Oc3ccc(C(c4ccc([*])cc4)(C(F)(F)F)C(F)(F)F)cc3)cc2)cc1
13732,,215,[*]Oc5ccc(C4(c2ccc(OC(=O)c1cccc(C([*])=O)c1)cc2)OC(=O)c3ccccc34)cc5
1236,,216,[*]Oc1ccc(C(C)(C)c2ccc(Oc3ccc(C(=O)c4ccccc4-c4ccccc4C(=O)c4ccc([*])cc4)cc3)cc2)cc1
13556,,217,[*]O[Si]([*])(C)CCCC(=O)O
8347,,218,[*]Oc1ccc(NC(=O)Nc2ccc(Cc3ccc(NC([*])=O)cc3)cc2)c(C)c1
7031,,219,[*]Oc1ccc(C(C)(C)c2ccc(OC(=O)c3ccc(NC(=O)c4ccc(C([*])=O)cc4)cc3)cc2)cc1
952,,220,[*]c1ccc(-c2cnc3ccc(Oc4ccc5ncc([*])nc5c4)cc3n2)cc1
6551,,221,[*]c1cc(CCS(=O)(=O)O)c([*])s1
3694,,222,[*]C(O)C([*])(C)C
11912,,223,[*]Cc1cc(Cl)c(C[*])c(Cl)c1
4643,,224,[*]Oc1c(Cl)cc([*])cc1Cl
11690,,225,[*]OC9=CC=C(C(C8=CC=C(OC7=CC=C(NC(C6=CC=C(C(NC5=CC=C(OC4=CC=C(C(C3=CC=C(OC2=CC=C(C(C1=CC=C(O[*])C=C1)(C(F)(F)F)C(F)(F)F)C=C2)C=C3)=O)C=C4)C=C5)=O)C=C6)=O)C=C7)C=C8)=O)C=C9Â¬Â¨Â¬Â®Â¬Â¨Â¬Ã†â€šÃ„Ã¶âˆšÃ‘âˆšâˆ‚â€šÃ Ã¶âˆšÃ«â€šÃ„Ã¶âˆšÃ‘â€šÃ„â€ 
8250,,226,[*]Nc1ccc(Cc2ccc(NC(=O)c3cc(NC(=O)C(CC(C)C)N4C(=O)c5ccccc5C4=O)cc(C([*])=O)c3)cc2)cc1
4504,,227,[*]C=Cc1ccc2c(c1)C(CC(CC)CCCC)(CC(CC)CCCC)c1cc([*])ccc1-2
4156,,228,[*]CC([*])C(=O)Oc1ccc(C(C)=Nc2ccccc2)c(O)c1
9199,,229,[*]CCC1C(=O)N(c2ccc(N(C)C)cc2)C(=O)C1[*]
1093,,230,[*]CCCCCCCOc1ccc(-c2ccc(O[*])c3ccccc23)c2ccccc12
13756,,231,[*]Nc%10ccc(c9ccc(Oc8ccc(C6(c4ccc(Oc3ccc(c2ccc(NC(=O)c1cc(C([*])=O)cc(C(C)(C)C)c1)cc2)cc3C(F)(F)F)cc4)c5ccccc5C(=O)N6c7ccccc7)cc8)c(C(F)(F)F)c9)cc%10
4428,,232,[*]C1C2CC(C(=O)OCCc3ccc(N(c4ccccc4)c4cccc(C)c4)cc3)C(C2)C1[*]
2034,,233,[*]Oc1cccc(OC(=O)c2cc(OCCCCC)cc(C([*])=O)c2)c1
10726,,234,[*]c1ccc2c([*])c(-c3ccccc3)[nH]c2c1
2623,,235,[*]CCCCCCNC(=O)C(CCCCCCCCCCCCCC)C(=O)N[*]
11749,,236,C%11(OC%10=CC=C(C8(C6=CC=C(OC5=CC=C(N4C(=O)C3=CC=C(OC1=CC2=C(C=C1)C(=O)N([*])C2=O)C=C3C4=O)C=C5)C=C6)C7=CC=CC=C7C9=C8C=CC=C9)C=C%10)=CC=C([*])C=C%11
7573,,237,[*]CCCCOC(=O)C(Cc1ccccc1)NC(=O)C=CC(=O)NC(Cc1ccccc1)C(=O)O[*]
2584,,238,[*]NC(CCC(=O)OCc1cccc(Cl)c1)C([*])=O
6235,,239,[*]c1ccc(C(=O)OCCCCCCCCCCOc2ccc(C=C3CCCC(=Cc4ccc(OCCCCCCCCCCOC(=O)c5ccc(-c6nnc([*])o6)cc5)cc4)C3=O)cc2)cc1
12225,,240,[*]c1ccc(-c2ccc(-c3ccc([Si](C)(C)[Si]([*])(C)C)s3)s2)s1
8470,,241,[*]CCCN1C(=O)C(=Cc2ccc(C=C3SC(=S)N([*])C3=O)cc2)SC1=S
6271,,242,[*]CC1CCC(COC(C)OC(=O)c2cccc(C(=O)OC(C)O[*])c2)CC1
5034,,243,[*]c1ccc(-c2ccc(-c3ccc(-c4cc(-c5ccccc5)c5cc(Oc6ccc7nc([*])cc(-c8ccccc8)c7c6)ccc5n4)cc3)cc2)cc1
783,,244,[*]CCCCCCCCCCO[*]
11585,,245,[*]=Cc1cc(OC)c(C=Nc2ccc(N=[*])cc2)cc1OC
5463,,246,[*]Oc1ccc(C(=O)c2cccc(-c3cccc(C(=O)c4ccc([*])cc4)c3)c2)cc1
10091,,247,[*]OC(=O)c1ccccc1Nc1ccccc1C(=O)OC(=O)c1cccc(C([*])=O)c1
13040,,248,[*]Oc1ccc(C(C)(CCC(=O)O)c2ccc(OC(=O)c3cccc(C([*])=O)c3)c([N+](=O)[O-])c2)cc1[N+](=O)[O-]
6790,,249,[*]c1cc(CCCCCC(F)(F)C(F)(F)C(F)(F)C(F)(F)F)c(-c2cc(CCCC)c([*])s2)s1
4104,,250,[*]CC([*])(C)C(=O)NCCCCCCCCCCC(=O)NCCCCCCCCCCC(=O)O
1182,,251,[*]CCOCCOCC#CC#CCOCCOCCOC(=O)NCCCCCCNC(=O)O[*]
8240,,252,[*]C(=O)Nc1cccc(NC(=O)c2ccc3[nH]c(-c4cc(-c5nc6cc([*])ccc6[nH]5)cc(N5C(=O)c6ccccc6C5=O)c4)nc3c2)n1
6315,,253,[*]Oc1ccc(-c2ccc(NC(=O)c3cc(C(=O)Nc4ccc(-c5ccc(Oc6ccc(C(c7ccc([*])cc7)(C(F)(F)F)C(F)(F)F)cc6)c(C(F)(F)F)c5)cc4)cc(C(C)(C)C)c3)cc2)cc1C(F)(F)F
8111,,254,[*]NNC(=O)c1ccc(C([*])=O)cc1OCCCCCCCC
12769,,255,C([*])C(C#N)(C(=O)OCC(C)OCC=C)([*])
7626,,256,[*]c1ccc2cc(OC(=O)c3cccc(C(=O)Oc4ccc5cc(-c6nc7ccccc7nc6[*])ccc5c4)c3)ccc2c1
3699,,257,[*]C=CC(C)C([*])C(=O)OCCC(C)C
3136,,258,[*]c1ccc(-c2ccc(N3C(=O)c4ccc(Oc5ccc(Sc6ccc(Oc7ccc8c(c7)C(=O)N([*])C8=O)cc6)cc5)cc4C3=O)cc2)cc1
13561,,259,[*]C#CC#C[Si]([*])(c1ccccc1)c1ccccc1
5045,,260,[*]CC(CO[*])(CS(=O)(=O)CCC)CS(=O)(=O)CCC
13058,,261,[*]O[SiH]([*])C
4831,,262,[*]c1ccc(Oc2ccc(C(=O)c3ccc(C(=O)c4ccc(Oc5ccc(-c6cc([*])[nH]n6)cc5)cc4)cc3)cc2)cc1
3157,,263,[*]C(=O)Nc1cccc(NC(=O)c2ccc3c(c2)C(=O)N(c2ccc(Oc4cccc5c(Oc6ccc(N7C(=O)c8ccc([*])cc8C7=O)cc6)cccc45)cc2)C3=O)c1
13085,,264,[*]CC([*])c1ccc([N+](=O)[O-])cc1
5697,,265,[*]Oc1ccc(C(C)(C)c2ccc(OC3(F)C([*])(F)C(F)(F)C3(F)F)cc2)cc1
923,,266,[*]c1ccc(-c2ccc(-c3ccc4nc(Oc5cc(-c6ccccc6)c6cc([*])ccc6n5)cc(-c5ccccc5)c4c3)cc2)cc1
6688,,267,[*]Sc1ccc(Sc2ccc(Sc3ccc(P(=O)(c4ccccc4)c4ccc([*])cc4)cc3)cc2)cc1
9385,,268,[*]c1ccc(N2C(=O)c3ccc(Oc4ccc(C5(c6ccc(Oc7ccc8c(c7)C(=O)N([*])C8=O)cc6)CCC(c6ccccc6)CC5)cc4)cc3C2=O)cc1
8235,,269,[*]Nc1ccc(Cc2ccc(NC(=O)c3cc(NC(=O)c4ccc(NC(=O)C(CC(C)C)N5C(=O)c6ccccc6C5=O)cc4)cc(C([*])=O)c3)cc2)cc1
5388,,270,[*]c1ccc(-c2ccc(-c3ccc(-c4nc5cc6nc([*])oc6cc5o4)cc3)c(-c3ccccc3)c2-c2ccccc2)cc1
13615,,271,[*]O[Si]([*])(C)CCCCCCCCCCC(=O)Oc1ccc(C(=O)Oc2ccc(-c3ccc(OCC(C)CC)cc3)cc2)cc1
2850,,272,[*]Oc1ccc(C(c2ccc(OC(=O)Nc3ccc(Cc4ccc(NC([*])=O)cc4)cc3)cc2)(C(F)(F)F)C(F)(F)F)cc1
9248,,273,[*]c1ccc(Oc2c(C)cc(C(c3cc(C)c(Oc4ccc(N5C(=O)c6ccc(-c7ccc8c(c7)C(=O)N([*])C8=O)cc6C5=O)cc4)c(C)c3)c3cccc4ccccc34)cc2C)cc1
7089,,274,[*]CCCCOC(=O)c1ccc(NC(=O)CCCCCCCC(=O)Nc2ccc(C(=O)O[*])cc2)cc1
1001,,275,[*]CC(COc1ccc(C(C)(C)c2ccc(O[*])cc2)cc1)OC(=O)CCl
6625,,276,[*]c1sc([*])c2nc(-c3ccccc3)c(CC)nc12
12891,,277,O(C1=CC=CC=C1)C(=O)C1(C(C1)C([*])C([*]))C(=O)OC1=CC=CC=C1
4903,,278,[*]Oc1ccc(S(=O)(=O)c2ccc(Oc3c(C)cc(-c4cc(C)c([*])c(C)c4)cc3C)cc2)cc1
5303,,279,[*]Oc1ccc(S(=O)(=O)c2ccc3cc(S(=O)(=O)c4ccc(Oc5c(C)cc(-c6cc(C)c([*])c(C)c6)cc5C)cc4)ccc3c2)cc1
11808,,280,[*]Oc3c(C)cc(C(C)(C)c2cc(C)c(OC(=O)c1cccc(C([*])=O)c1)c(Br)c2)cc3Br
832,,281,[*]CCCCCC(=O)OCCCCCCOC(=O)c1ccc(O[*])cc1
10218,,282,[*]Oc1c(Cl)cc(C(c2cc(Cl)c(OC([*])=O)c(Cl)c2)C(Cl)(Cl)Cl)cc1Cl
2996,,283,[*]c1ccc(Oc2cccc(N3C(=O)c4ccc(Oc5ccc6c(c5)C(=O)N([*])C6=O)cc4C3=O)c2)cc1
8292,,284,[*]CC#CC#CCOC(=O)Nc1ccc(Cc2ccc(NC(=O)O[*])cc2)cc1
12403,,285,[*]C1C(=O)N(c2cc(Br)c(O[Si](CC)(CC)CC)c(Br)c2)C(=O)C1[*]
7356,,286,[*]CC#CC(C#CCOC(=O)CCCCCCCCC(=O)O[*])=Cc1ccc(C#Cc2ccccc2)cc1
6052,,287,[*]Oc1ccc(C(=O)Nc2ccc(S(=O)(=O)c3ccc(NC(=O)c4ccc(Oc5nc([*])nc(Sc6ccccc6)n5)cc4)cc3)cc2)cc1
878,,288,[*]CCC(=O)NNC(=O)c1cccc(C(=O)NNC(=O)c2cccc(O[*])c2)c1
8419,,289,[*]Nc1cc(NC(=O)NCCCCCCNC([*])=O)ccc1C
13106,,290,[*]C=CC1CC([*])C(C(=O)OCCCCCCCCOc2ccc(C=Cc3ccc([N+](=O)[O-])cc3)cc2)C1
5236,,291,[*]OP(=O)(Oc1ccc(Br)cc1)Oc1c(Br)cc(C(c2cc(Br)c([*])c(Br)c2)(C(F)(F)F)C(F)(F)F)cc1Br
8355,,292,[*]Oc1ccc2cccc(NC(=O)NCCCCCCNC([*])=O)c2c1
11928,,293,[*]c6ccc(c4nnc(c3cccc(c1nnc([*])n1c2ccc(C)cc2)c3)n4c5ccccc5)cc6
5954,,294,[*]Oc1c(C(=O)Oc2ccc(OC(=O)c3ccc4ccccc4c3Oc3nc([*])nc(N4CCCCC4)n3)c3c2C(=O)c2ccccc2C3=O)ccc2ccccc12
7105,,295,[*]Oc1ccc(OC(=O)c2ccc(OC(=O)c3ccc(C(=O)Oc4ccc(C(=O)Oc5ccc(OC(=O)c6cccc(C([*])=O)c6)cc5)cc4)cc3)cc2)cc1
5340,,296,[*]c1ccc(Oc2ccc(Sc3ccc(Oc4ccc(-c5nc([*])nc(-c6ccccc6)n5)cc4)cc3)cc2)cc1
8265,,297,[*]C(=O)c1ccc(N([*])CCC)cc1
9205,,298,[*]CCCCCn1c(=O)c2ccc3c4ccc5c(=O)n([*])c(=O)c6ccc(c7ccc(c1=O)c2c37)c4c56
7453,,299,[*]CCCCSC(=O)CCCCCCC(=O)S[*]
1420,,300,[*]CCCCSCS[*]
11959,,301,[*]Oc6cc(C)c(C5(c3cc(C)c(Oc2ccc(C(=O)c1ccc([*])cc1)cc2)cc3C)OC(=O)c4ccccc45)cc6C
7976,,302,[*]CCCNC(=O)c1cccc(C(=O)N[*])c1
13537,,303,[*]CCCCCCCC[N+](C)(C)CCCCCC[N+]([*])(C)C
7751,,304,[*]c1cccc(NC(=O)c2cc(C(c3ccc(C(=O)O)c(C(=O)Nc4cccc(S([*])(=O)=O)c4)c3)(C(F)(F)F)C(F)(F)F)ccc2C(=O)O)c1
961,,305,[*]c1ccc(Oc2ccc(Oc3ccc(-c4cnc5ccc(-c6ccc7nc([*])cnc7c6)cc5n4)cc3)cc2)cc1
3484,,306,[*]CC(C)(CC)CS([*])(=O)=O
10015,,307,[*]C(=O)c1ccc2c(c1)C(=O)N(c1cc(C=NC(=S)Nc3ccc(N4C(=O)c5ccc([*])cc5C4=O)cc3)ccc1Cl)C2=O
217,,308,[*]CC([*])c1ccc(C(=O)c2ccc(OC)cc2)cc1
8924,,309,[*]c1ccc(Oc2ccc(N3C(=O)C(c4ccccc4)=C(c4ccc(C5=C(c6ccccc6)C(=O)N([*])C5=O)cc4)C3=O)cc2)cc1
13245,,310,[*]Oc1c([2H])c([2H])c(S(=O)(=O)c2c([2H])c([2H])c(Oc3c([2H])c([2H])c(C(c4c([2H])c([2H])c([*])c([2H])c4[2H])(C([2H])([2H])[2H])C([2H])([2H])[2H])c([2H])c3[2H])c([2H])c2[2H])c([2H])c1[2H]
5641,,311,[*]c1sc([*])c2c1OCC(CCCCCC)O2
392,,312,[*]CC1CC([*])C(OC(=O)CCCCCCCCCCOc2ccc(-c3ccc(C#N)cc3)cc2)C1OC(=O)CCCCCCCCCCOc1ccc(-c2ccc(C#N)cc2)cc1
12854,,313,CC([*])C(=O)OC(C([*]))C#N
10202,,314,[*]Oc1ccc(-c2ccc(OC(=O)OC3C(C)(C)C(OC([*])=O)C3(C)C)cc2)cc1
8991,,315,[*]c1ccc2c(c1)C(=O)N(c1cccc(C(O)c3cccc(N4C(=O)c5ccc(C([*])(C(F)(F)F)C(F)(F)F)cc5C4=O)c3)c1)C2=O
6479,,316,[*]C#Cc1cc(OCCCCCCCC)c(C#Cc2cc(CCCCCC)c([*])s2)cc1OCCCCCCCC
12757,,317,C([*])C(C(=O)NC1=CC=C(C=C1)COCCCC)([*])
2448,,318,[*]C(=O)c1ccc(C(=O)N(CC)c2ccc(Cc3ccc(N([*])CC)c(C)c3)cc2C)cc1
2330,,319,[*]CCCCCCNC(=O)CCCCCCCCCCCCCCCCC(=O)N[*]
1430,,320,[*]CCCCCCCCCCSS[*]
306,,321,[*]CC([*])OCC(C)(C)CC
11762,,322,O(C1=CC=C([*])C=C1C(F)(F)F)C9=CC=C(OC8=CC=C(N7C(=O)C6=CC=C(OC5=CC=C(C(C4=CC=C(OC2=CC=C3C(=C2)C(=O)N([*])C3=O)C=C4)(C)C)C=C5)C=C6C7=O)C=C8C(F)(F)F)C=C9
3441,,323,[*]N=P([*])(Oc1cccc(C(F)(F)F)c1)Oc1cccc(C(F)(F)F)c1
2816,,324,[*]CCOC(=O)Nc1ccc(Cc2ccc(NC(=O)O[*])c(C)c2)cc1C
7094,,325,[*]CCCCCCCCCOC(=O)c1ccc(NC(=O)CCCCC(=O)Nc2ccc(C(=O)O[*])cc2)cc1
5525,,326,[*]CCCCCOc1cccc(NC(=O)c2ccc(C(=O)Nc3cccc(O[*])c3)cc2)c1
3169,,327,[*]c1ccc2c(c1)C(=O)N(c1c(C)c(C)c(N3C(=O)c4ccc(C([*])(C(F)(F)F)C(F)(F)F)cc4C3=O)c(C)c1C)C2=O
6645,,328,[*]C=Cc1sc(C=Cc2cc(CCCCCCCCCCCC)c([*])s2)cc1CCCCCCCCCCCC
11782,,329,[*]c8ccc(Oc7ccc6ccc(Oc5ccc(n4c(=O)c3ccc(C(c2ccc1c(=O)n([*])c(=O)c1c2)(C(F)(F)F)C(F)(F)F)cc3c4=O)cc5C(F)(F)F)cc6c7)c(C(F)(F)F)c8
605,,330,[*]CC([*])(CC(=O)Oc1ccccc1)C(=O)Oc1ccccc1
3821,,331,[*]C=CC1CC([*])C(C(=O)OC)C1
4539,,332,[*]CC(O)COc1ccc(S(=O)(=O)c2ccc(O[*])c(C)c2)cc1C
5070,,333,[*]Oc1ccc(Oc2ccc(C(=O)c3ccc(Oc4ccc(Oc5cccc([*])n5)cc4)cc3)cc2)cc1
6328,,334,[*]c1ccc(C(=O)OCCCCCCOc2ccc(C=CC(=O)C=Cc3ccc(OCCCCCCOC(=O)c4ccc(-c5nnc([*])o5)cc4)cc3)cc2)cc1
5981,,335,[*]Oc1cccc(OC(=O)c2ccc(C=Nc3ccc(OCCCCCCCCCCCCOc4ccc(N=Cc5ccc(C([*])=O)cc5)cc4F)c(F)c3)cc2)c1
8188,,336,[*]CCCC1(C)CCN(C(=O)CCCC(=O)N2CCC([*])(C)CC2)CC1
8222,,337,[*]C(=O)Nc1ccc(C(=O)Nc2ccc(NC(=O)c3ccc4[nH]c(-c5ccc(-c6nc7cc([*])ccc7[nH]6)cc5)nc4c3)cc2)cc1
3491,,338,[*]CCc1cccc([*])c1
477,,339,[*]CC([*])(C)C(=O)OCC(F)(F)C(F)F
7510,,340,[*]CCCCCCCCCCCCCCCCCCCCCCOC(=O)CCCCC(=O)O[*]
12680,,341,C([*])C([*])(C(=O)OC1C=C(C)C=CC1)
13730,,342,[*]Oc6ccc(C(C)(C)c5ccc(OC(=O)c4cccc(C(=O)Oc3ccc(C(C)(C)c2ccc(OC(=O)c1ccc(C([*])=O)cc1)cc2)cc3)c4)cc5)cc6
310,,343,[*]CC([*])(F)C(C)=O
3921,,344,[*]C=CCCCCCCCCCC(CCCCCCCCC[*])COCCOCCOCCOCCOCc1ccc2ccc3cccc4ccc1c2c34
7570,,345,[*]CCCC(=O)Nc1ccc(NC(=O)CCCOC(=O)c2ccc(-c3ccc(C(=O)O[*])cc3)cc2)cc1
11689,,346,[*]OC%10=CC=C(C(C9=CC=C(OC8=CC=C(NC(C7=CC=C(C(NC6=CC=C(OC5=CC=C(C(C4=CC=C(OC3=CC=C(C(C1=CC=C(O[*])C=C1)(C2=CC=CC=C2)C)C=C3)C=C4)=O)C=C5)C=C6)=O)C=C7)=O)C=C8)C=C9)=O)C=C%10
12529,,347,[*][Si]([*])(C)c1ccccc1
5595,,348,[*]c1ccc(Oc2ccc(C3(c4ccc(Oc5ccc(-c6ccc([*])s6)cc5C(F)(F)F)cc4)c4ccccc4-c4ccccc43)cc2)c(C(F)(F)F)c1
3422,,349,[*]N=P([*])(OCCC)OCCC
8230,,350,[*]Nc1cccc(NC(=O)c2cc(NC(=O)C(CCSC)N3C(=O)c4ccccc4C3=O)cc(C([*])=O)c2)c1
370,,351,[*]CC([*])OC(=O)CCl
8322,,352,[*]CC(CCCCCCOc1ccc(-c2ccc(OC)cc2)cc1)COC(=O)N(C)c1ccc(N(C)C(=O)O[*])cc1
3816,,353,[*]C(C)=C([*])SCC
13165,,354,[*]CC([*])(C)C(=O)OCCCCCCCCCCn1c2ccccc2c2cc(C=C(C#N)c3ccc([N+](=O)[O-])cc3)ccc21
4697,,355,[*]COC1CCC([*])OC1
10299,,356,[*]CCCCCCCCc1nc2ccc(-c3ccc4nc([*])[nH]c4c3)cc2[nH]1
762,,357,[*]CC(COc1ccccc1Cl)O[*]
499,,358,[*]CC([*])C(=O)NCCCCCCCCCCCC
5657,,359,[*]c1ccccc1C(=O)OCC#CC#CCOc1ccc2c([*])c3ccc(=O)cc-3oc2c1
5239,,360,[*]Oc1ccc(P(C)(=O)c2ccc(Oc3ccc(P(=O)(c4ccccc4)c4ccc([*])cc4)cc3)cc2)cc1
1708,,361,[*]OC(=C)CC([*])=O
2539,,362,[*]c1ccc(C(=O)Nc2ccc(NC(=O)c3ccc(C4([*])OC(=O)c5ccccc54)cc3)cc2)cc1
8666,,363,[*]C(=O)c1ccc2c(c1)C(=O)N(c1ccc(Oc3ccc(Oc4ccc(Oc5ccc(N6C(=O)c7ccc([*])cc7C6=O)cc5)cc4)cc3)cc1)C2=O
2046,,364,[*]CCCCCCCCCCCCOC(=O)c1cccc(C(=O)O[*])c1
4324,,365,[*]CC([*])C(=O)Nc1ccccc1Cl
10307,,366,[*]Nc1nc([*])nc(-c2ccccc2)n1
9087,,367,[*]c1ccc(Oc2ccc(-n3c(=O)c4c(Oc5ccc(OCCCC)cc5)c5c(=O)n([*])c(=O)c5c(Oc5ccc(OCCCC)cc5)c4c3=O)cc2)cc1
8685,,368,[*]c1ccc(-n2c(=O)c3cc4c(=O)n([*])c(=O)c4cc3c2=O)c(CP(=O)(OCC)OCC)c1
13199,,369,[*]Oc1ccc(S(=O)(=O)c2ccc(Oc3ccc(C(C)(C)c4ccc([*])c([N-][N+]#N)c4)cc3[N-][N+]#N)cc2)c([N-][N+]#N)c1
6951,,370,[*]CCCCCOC(=O)CCC(C)CC(=O)O[*]
3242,,371,[*]Oc1ccc(C(c2ccccc2)c2ccc(OC([*])=O)cc2C)c(C)c1
11649,,372,C([*])C([*])c1c(C)cc(CO)cc1
1665,,373,[*]Oc1ccc(OC(=O)c2ccc(C([*])=O)cc2)cc1C1CCCCC1
8017,,374,[*]Nc1cccc(NC(=O)c2cc(NC(=O)c3ccc(NC(=O)c4ccccc4)cc3)cc(C([*])=O)c2)c1
7170,,375,[*]Oc1ccc(OC(=O)c2ccc(C([*])=O)cc2Oc2ccc(Br)cc2)cc1
10322,,376,[*]Cc1ccc(CN2CCN([*])C(C)C2)cc1
10962,,377,[*]c1cccc(-c2cc(CCCCCCCCCCCCCCCC)cc([*])c2N)c1N
2220,,378,[*]CCCCNC(=O)Cc1ccc(C(=O)N[*])cc1
3220,,379,[*]CCC(=O)OC(=O)CCC1CCC([*])N1C
7641,,380,[*]CCNC(=O)c1ccc(C(C)(CC)c2ccc(C(=O)N[*])cc2)cc1
9928,,381,[*]c1cc(OCCCCCCCCCCCCCCCC)cc(N2C(=O)c3ccc(Oc4ccc5c(c4)C(=O)N([*])C5=O)cc3C2=O)c1
3152,,382,[*]Nc1nc(Nn2c(=O)c3cc4c(=O)n([*])c(=O)c4cc3c2=O)nc(N(CCCC)CCCC)n1
12593,,383,[*]O[Si](C)(C)C#C[Si](C)(C)C#C[Si](C)(C)C#C[Si](C)(C)C#C[Si](C)(C)C#C[Si]([*])(C)C
12838,,384,[*]OC(=O)Oc4ccc(Oc3ccc(S(=O)(=O)c2ccc(Oc1ccc([*])cc1)cc2)cc3)cc4
5960,,385,[*]Oc1c(C(=O)OCCOCCOCCOC(=O)c2ccc3ccccc3c2Oc2nc([*])nc(N3CCCCC3)n2)ccc2ccccc12
5314,,386,[*]Oc1c(C)cc(-c2cc(C)c(Oc3ccc(C(=O)c4ccc5cc(C(=O)c6ccc([*])cc6)ccc5c4)cc3)c(C)c2C)c(C)c1C
3390,,387,[*]CCCCCCn1ccc(-c2ccc(-c3ccn([*])n3)cc2)n1
7523,,388,[*]CC(CCCCCCOc1ccc(N=Nc2ccc(Br)cc2)cc1)COC(=O)CCCCC(=O)O[*]
10582,,389,[*]CC(O)CCCCC(O)CN([*])c1ccc(N(C)C)cc1
7730,,390,[*]C(=O)NCCCCCCNC(=O)C1C=CNN1[*]
12835,,391,[*]OCC(COc2ccc(C(C)(C)c1ccc([*])cc1)cc2)OC(=O)Cc3ccccc3Cl
13026,,392,[*]CC([*])(C)C(=O)OCCN(CC)c1ccc(N=Nc2ccc([N+](=O)[O-])cc2)cc1
4980,,393,[*]Oc1ccc(Oc2ccc(C(=O)Nc3ccc(Oc4ccc(NC(=O)c5ccc([*])cc5)cc4)cc3)cc2)cc1C
7093,,394,[*]CCCCCCCCCOC(=O)c1ccc(NC(=O)CCCC(=O)Nc2ccc(C(=O)O[*])cc2)cc1
43,,395,[*]CC1([*])CCC(C)CC1
11088,,396,[*]C=Cc1cc(-c2ccc3c(c2)C(CCCCCCCC)(CCCCCCCC)c2ccccc2-3)c([*])cc1-c1ccc(F)cc1F
6692,,397,[*]Sc1ccc(Nc2ccc(Nc3ccc(Nc4ccc([*])cc4)cc3)cc2)cc1
115,,398,[*]CC([*])c1ccc(CCCC)cc1
9023,,399,[*]c1ccc(Oc2ccc(Oc3ccc(NC(=O)c4ccc(Oc5ccc6c(c5)C(=O)N([*])C6=O)cc4)cc3)cc2)cc1
10005,,400,[*]C(=O)OCCN(CCOC(=O)c1ccc2c(c1)C(=O)N(c1c(C)cc(Cc3cc(C)c(N4C(=O)c5ccc([*])cc5C4=O)c(C)c3)cc1C)C2=O)c1ccccc1
398,,401,[*]CC([*])OC(=O)c1ccc(C#N)cc1
10451,,402,[*]CCP(Cl)(Cl)=Nc1ccc(N=P([*])(Cl)Cl)cc1
8076,,403,[*]c1ccc(S(=O)(=O)c2ccc(-n3nc(-c4ccccc4)c4ccc(S(=O)(=O)c5ccc6c(-c7ccccc7)nn([*])c(=O)c6c5)cc4c3=O)cc2)cc1
3301,,404,[*]CCCCOC(=O)SSC(=O)O[*]
13375,,405,[*]c1ccc(Oc2ccc(Sc3ccc(Oc4ccc(N5C(=O)c6ccc(Oc7ccc(-c8ccc(Oc9ccc%10c(c9)C(=O)N([*])C%10=O)cc8)cc7)cc6C5=O)cc4)cc3)cc2)cc1
12075,,406,[*]CC([*])C(F)(F)C(F)(F)C(F)(F)F
12650,,407,[*]O[Si](C)(C)CC(C)(C)COC(=O)c1cccc(C(=O)OCC(C)(C)C[Si]([*])(C)C)c1
8858,,408,[*]c1ccc(Oc2ccc(C(=O)c3cccc(C(=O)c4ccc(Oc5ccc(-c6c7c(c([*])c8ccccc68)C(=O)N(CCCCCCCCCCCC)C7=O)cc5)cc4)c3)cc2)cc1
10263,,409,[*]CCCCCc1nnc([*])n1N
2142,,410,[*]CCCCCCNC(=O)CCCCCCCC(=O)N[*]
1702,,411,[*]CCCCCCCCCOC(=O)c1ccc(C(=O)O[*])cc1
285,,412,[*]CC([*])Cc1cccc(C)c1
7037,,413,[*]CCNC(=O)c1ccc(C(=O)NCCOC(=O)c2ccc(C(=O)O[*])cc2)cc1
10563,,414,[*]N=P([*])(OCC=Cc1ccccc1)OCC=Cc1ccccc1
2859,,415,[*]CCCCCCNC(=O)NCCCCNC(=O)N[*]
7234,,416,[*]Sc1ccc(-c2ccc(SC(=O)CCCCC([*])=O)cc2)cc1
11781,,417,[*]c8ccc(Oc7ccc6ccc(Oc5ccc(n4c(=O)c3ccc(C(=O)c2ccc1c(=O)n([*])c(=O)c1c2)cc3c4=O)cc5C(F)(F)F)cc6c7)c(C(F)(F)F)c8
12609,,418,[*]O[Si](C)(C)O[Si](C)(C)O[Si](C)(C)O[Si](C)(C)c1ccc([Si]([*])(C)C)cc1
12963,,419,[*]c1ccc(Oc2ccc(-c3nc4cc(Oc5ccc(NC(=O)CN6C(=O)c7ccc(C(c8ccc9c(c8)C(=O)N(CC(=O)Nc8ccc(Oc%10ccc%11nc(-c%12ccccc%12)c([*])nc%11c%10)cc8)C9=O)(C(F)(F)F)C(F)(F)F)cc7C6=O)cc5)ccc4nc3-c3ccccc3)cc2)cc1
8488,,420,[*]c1ccc(Nc2cccc(-n3c(=O)c4cc5c(=O)n([*])c(=O)c5cc4c3=O)c2)cc1
1043,,421,[*]Oc1ccc(N=Nc2ccc(Oc3ccc(C(C)(C)c4ccc([*])cc4)cc3)cc2)cc1
2378,,422,[*]CCCNC(=O)c1ccc(C(=O)N[*])cc1
6713,,423,[*]c1cc2c(s1)-c1sc([*])cc1C2=C1c2ccsc2-c2sccc21
5723,,424,[*]C=NCCN=Cc1ccc(Sc2ccc([*])o2)o1
4927,,425,[*]c1ccc(Oc2ccc(C(c3ccc(Oc4ccc(-c5nnc([*])c6c(-c7ccc(F)cc7)c(-c7ccc(F)cc7)c(-c7ccc(F)cc7)c(-c7ccc(F)cc7)c56)cc4)cc3)(C(F)(F)F)C(F)(F)F)cc2)cc1
3339,,426,[*]CCN([*])C(=O)CCCCCCCCCCC
8291,,427,[*]CCCOC(=O)N1CCC([*])CC1
1212,,428,[*]CC(COc1c(C)cccc1C)O[*]
3775,,429,[*]CC([*])c1ccc2c(c1)OCO2
9077,,430,[*]C(=O)Nc1cccc(NC(=O)c2ccc(N3C(=O)c4ccc([*])cc4C3=O)cc2)c1
10765,,431,[*]C=Cc1ccc2c3ccc([*])cc3n(-c3ccc(OCCCCCCCCCC)c(OCCCCCCCCCC)c3)c2c1
2486,,432,[*]C(=O)NCCCCCCNC(=O)c1cncc([*])c1
463,,433,[*]CC([*])(C)C(=O)OC1CCCCC1
99,,434,[*]CC([*])c1ccccc1C(=O)OCCC(C)C
3621,,435,[*]CCCCC(c1ccc(O)cc1)C([*])c1ccc(O)cc1C
7331,,436,[*]CCCCCCCCCCCCOC(=O)c1ccc(-c2ccc(C(=O)O[*])cc2)cc1
7009,,437,[*]CCCCCCCCOC(=O)c1cccc(C(=O)O[*])c1
4091,,438,[*]CC([*])(C)C(=O)OCCNC(=O)N(CCCC)CC(O)C(O)C(OC1OC(CO)C(O)C(O)C1O)C(O)CO
8751,,439,[*]c1ccc2c(c1)C(=O)N(c1ccc(-c3ccc(N4C(=O)c5ccc(C([*])(C(F)(F)F)C(F)(F)F)cc5C4=O)cc3C(F)(F)F)c(C(F)(F)F)c1)C2=O
5170,,440,[*]Oc1ccc(C(C)(C)c2ccc(Oc3ccc(C(=O)c4ccc(C(C)(C)c5ccc(C(=O)c6ccc([*])cc6)cc5)cc4)cc3)cc2)cc1
5674,,441,[*]OCCOC(=O)c1cc(N=Nc2ccc(OCC)cc2)ccc1-c1ccc(N=Nc2ccc(OCC)cc2)cc1C(=O)OCCOc1nc(-c2ccc(OCCCC)cc2)nc([*])c1-c1ccc(OC)cc1
2460,,442,[*]C(=O)CNC(=O)C1CCCN1C(=O)C1CCCN1[*]
10729,,443,[*]C#CC#Cc1cc(C(C)(C)C)cc2c3cc(C(C)(C)C)cc([*])c3n(CCCCCCCCCCCCCCCC)c12
833,,444,[*]CCCCC(=O)OCCCCCCOC(=O)c1ccc(O[*])cc1
8002,,445,[*]NC(C#N)=C(C#N)NC(=O)c1ccc(C([*])=O)cc1
9614,,446,[*]c1ccc(Oc2ccc(C(C)(C)c3ccccc3)cc2)c(-n2c(=O)c3cc4c(=O)n([*])c(=O)c4cc3c2=O)c1
13231,,447,[*]c1ccc(OCCN(CCOc2ccc(-c3nc4ccc(Oc5ccc6nc([*])c(-c7ccccc7)nc6c5)cc4nc3-c3ccccc3)cc2)c2ccc(C=Cc3ccc([N+](=O)[O-])cc3)cc2)cc1
13439,,448,[*]c1ccc(Oc2ccc(S(=O)(=O)c3ccc(Oc4ccc(N5C(=O)c6ccc([Si](C)(C)c7ccc8c(c7)C(=O)N([*])C8=O)cc6C5=O)cc4)cc3)cc2)cc1
3350,,449,[*]CCCCCCCCCCNCCCCCCN[*]
11011,,450,[*]C(C#N)=Cc1cc(OCCCCCCCC)c(C=C(C#N)c2cc(OCCCCCCCC)c([*])cc2OC)cc1OC
10776,,451,[*]CCN([*])Cc1ccccc1
2938,,452,[*]C(=O)Nc1ccc(Oc2ccc(NC(=O)c3ccc4c(c3)C(=O)N(c3ccc(S(=O)(=O)c5ccc(N6C(=O)c7ccc([*])cc7C6=O)cc5)cc3)C4=O)cc2)cc1
6231,,453,[*]CC(COC(C)(C)C)O[*]
5729,,454,[*]OC(=O)C(Cc1ccccc1)NC(=O)CCCCCCCCC(=O)NC(Cc1ccccc1)C(=O)OC1COC2C([*])COC12
4345,,455,[*]CC([*])(C)C(=O)OCC(=O)N1CCCC1
2979,,456,[*]c1ccc(-c2ccc(N3C(=O)c4ccc(-c5ccc6c(c5)C(=O)N([*])C6=O)cc4C3=O)c(OC)c2)cc1OC
12934,,457,[*]c1ccc([Si]([*])(C)CCCCCC)cc1
4934,,458,[*]c1ccc(Oc2ccc(-c3ccc(Oc4ccc(-c5nnc([*])c6c(-c7ccccc7)c(-c7ccc8ccccc8c7)c(-c7ccc8ccccc8c7)c(-c7ccccc7)c56)cc4)cc3)cc2)cc1
6836,,459,[*]c1cc(C(=O)Oc2cccc3cccnc23)c([*])s1
9953,,460,[*]c1ccc(Sc2ccc(Sc3ccc(N4C(=O)c5ccc(-c6cccc7c6C(=O)N([*])C7=O)cc5C4=O)cc3)cc2)cc1
7454,,461,[*]CCCSC(=O)CCC(=O)S[*]
12082,,462,[*]c1ccc2c(c1)C(=O)N(c1cccc(Oc3ccc(N4C(=O)c5ccc(-c6c(-c7ccccc7)c(-c7ccccc7)c(-c7ccc(Sc8ccc(-c9c(-c%10ccccc%10)c(-c%10ccccc%10)c([*])c(-c%10ccccc%10)c9-c9ccccc9)cc8)cc7)c(-c7ccccc7)c6-c6ccccc6)cc5C4=O)cc3)c1)C2=O
1624,,463,[*]CCCCCCC(=O)O[*]
4524,,464,[*]OC(=O)OCCOC(=O)c1ccc(C(=O)OCCOC(=O)OC2CC3CC([*])CC(C2)O3)cc1
11788,,465,C7(C1=CC=C6C(=C1)C(=O)N(C5=CC(C(F)(F)F)=C(OC2=CC=CC3=C2C=CC=C3OC4=CC=C([*])C=C4C(F)(F)F)C=C5)C6=O)=CC8=C(C=C7)C(=O)N([*])C8=O
1561,,466,[*]CCCCCCCCCCOC(=O)C(=O)O[*]
8484,,467,[*]c1ccc(Cc2ccc(N3C(=O)CC(Sc4ccc(Oc5ccc(SC6CC(=O)N([*])C6=O)cc5)cc4)C3=O)cc2)cc1
9241,,468,[*]C(=O)c1ccc2c(c1)C(=O)N(c1ccc(Oc3c(C)cc(Cc4cc(C)c(Oc5ccc(N6C(=O)c7ccc([*])cc7C6=O)cc5)c(C)c4)cc3C)cc1)C2=O
9510,,469,[*]CCC1C(=O)N(CC)C(=O)C1[*]
10165,,470,[*]CC(O)C(O)COC(=O)O[*]
10191,,471,[*]Oc1ccc(C(C)(C)c2ccc(OC([*])=O)c(Cl)c2)cc1C
7108,,472,[*]Oc1ccc(C(=O)Oc2ccc(Cc3ccc(OC(=O)c4ccc(OC(=O)c5ccc(C([*])=O)cc5)cc4)cc3)cc2)cc1
8020,,473,[*]Nc1ccc(NC2=C(Cl)C(=O)C(Nc3ccc(C([*])=O)cc3)=C(Cl)C2=O)cc1
12820,,474,O([*])C(=O)c1cc(cc(OCCCCC)c1)C(=O)Oc1ccc(cc1)c1ccc(cc1)([*])
3876,,475,[*]CC([*])C1=NCCN1
5918,,476,[*]C1=C(CCCCCC)C(CCCCCC)=C(c2sc(-c3sc([*])c4c3OCCO4)c3c2OCCO3)S1(=O)=O
5814,,477,[*]C=Cc1ccc(Oc2ccc(-c3ccc(-c4ccc(-c5ccc(Oc6ccc(C=Cc7ccc8c(c7)c7cc([*])ccc7n8CC(CC)CCCC)cc6)c(C(F)(F)F)c5)cc4)cc3)cc2C(F)(F)F)cc1
6223,,478,[*]Oc1ccc(S(=O)(=O)c2ccc(Oc3c(C)cc(C(C)(C)c4cc(C)c([*])c(C)c4)cc3C)cc2C(O)(C(F)(F)F)C(F)(F)F)c(C(O)(C(F)(F)F)C(F)(F)F)c1
8202,,479,[*]Nc1ccc(Cc2ccc(NC(=O)c3cc(NC(=O)c4ccc(NC(=O)C(C)N5C(=O)c6ccccc6C5=O)cc4)cc(C([*])=O)c3)cc2)cc1
3533,,480,[*]CCc1ccc([*])c(C(C)=O)c1
3137,,481,[*]CCCCCCCCCCn1c(=O)c2cc3c(=O)n([*])c(=O)c3cc2c1=O
13484,,482,[*]=Nc1ccccc1N=C(c1ccccc1)c1ccc(-c2ccc(O)c(C(=[*])c3ccccc3)c2)cc1O
5919,,483,[*]C1=C(CCCCCCCCCCCC)C(CCCCCCCCCCCC)=C(c2sc(-c3sc([*])c4c3OCCO4)c3c2OCCO3)S1(=O)=O
103,,484,[*]CC([*])c1ccc(C(=O)OCCN(C)C)cc1
5111,,485,[*]c1ccc(Oc2ccc(-c3nc4ccc(-c5ccc6nc([*])oc6c5)cc4o3)cc2)cc1
7585,,486,[*]Oc1ccccc1C(=O)OC(=O)c1ccccc1OC(=O)CCCCC([*])=O
2324,,487,[*]CCCCCNC(=O)CCCCCCC(=O)N[*]
11720,,488,[*]c1ccc(C(c2ccccc2)(c2ccc(N3C(=O)c4ccc(Oc5ccc6c(c5)C(=O)N([*])C6=O)cc4C3=O)cc2)C(F)(F)F)cc1
1789,,489,[*]CCOC(=O)Cc1ccc(CC(=O)O[*])cc1
13454,,490,[*]C(=O)OCCN(CCOC(=O)c1ccc2c(c1)C(=O)N(c1c(C)cc(Cc3cc(C)c(N4C(=O)c5ccc([*])cc5C4=O)c(C)c3)cc1C)C2=O)c1ccc(N=Nc2ccc([N+](=O)[O-])cc2C#N)cc1
2180,,491,[*]CCCCCCNC(=O)c1cc(C(=O)N[*])cc(C(C)(C)C)c1
12067,,492,[*]C(C)=C([*])[Si](C)(C)CC
5496,,493,[*]Oc1ccc(C(=O)c2ccc(Oc3ccc(C(c4ccc([*])cc4)(C(F)(F)F)C(F)(F)F)cc3)cc2)c2ccccc12
4639,,494,[*]C=Cc1ccc(Oc2ccc(C=Cc3cc([*])ncn3)cc2)cc1
2887,,495,[*]CCCCCCCCCCNC(=O)NCCCCCCCCNC(=O)N[*]
979,,496,[*]CCOCC(CCl)O[*]
8244,,497,[*]C(=O)Nc1cccc(NC(=O)c2ccc3[nH]c(-c4cccc(-c5nc6cc([*])ccc6[nH]5)c4)nc3c2)n1
13072,,498,[*]=C=C=C(CO)C(=[*])CO
6771,,499,[*]c1cc(-c2ccc(OCCCC)cc2)c([*])s1
8800,,500,[*]C(=O)c1ccc2c(c1)C(=O)N(c1cc(Cl)cc(N3C(=O)c4ccc([*])cc4C3=O)c1)C2=O
